pca_x,pca_y,tmap_x,tmap_y,tsne_x,tsne_y,umap_x,umap_y
-0.8785151,0.6916896,-0.4195524,0.25969052,-0.13523018,0.30116633,0.23888785,0.13717316
-0.8654069,0.5836304,-0.19685644,-0.87622696,0.5520485,0.15517595,0.2953578,-0.06769769
-0.8679896,0.57875115,-0.7743945,-0.7410878,0.29704058,0.16422807,0.32073882,-0.014320895
-0.8876981,0.6202956,-0.19832587,-0.8771533,0.63152045,0.051031575,0.2805238,-0.07095668
